Workbook
Name dddd: #REF!
Name dddd: #REF!
Name dddd: #REF!
Name dddd: #REF!
Name eeeee: #REF!
Name eeeee: #REF!
Name eeeee: #REF!
Name eeeee: #REF!
Name ExtraCredit: #REF!
Name ExtraCredit: #REF!
Name ExtraCredit: #REF!
Name ExtraCredit: #REF!
Name fffff: #REF!
Name fffff: #REF!
Name fffff: #REF!
Name fffff: #REF!
Name Fruit: #REF!
Name Fruit: #REF!
Name Fruit: #REF!
Name Fruit: #REF!
Name hhhhh: #REF!
Name hhhhh: #REF!
Name hhhhh: #REF!
Name hhhhh: #REF!
Name Items: #REF!
Name Items: #REF!
Name Items: #REF!
Name Items: #REF!
Name jjj: #REF!
Name jjj: #REF!
Name jjj: #REF!
Name jjjjj: #REF!
Name jjjjj: #REF!
Name jjjjj: #REF!
Name jjjjj: #REF!
Name Meat: #REF!
Name Meat: #REF!
Name Meat: #REF!
Name Meat: #REF!
Name mmmmm: #REF!
Name mmmmm: #REF!
Name mmmmm: #REF!
Name MoreFruit: #REF!
Name MoreFruit: #REF!
Name MoreFruit: #REF!
Name MoreFruit: #REF!
Name MoreItem: #REF!
Name MoreItem: #REF!
Name MoreItem: #REF!
Name MoreItem: #REF!
Name MoreItems: #REF!
Name MoreItems: #REF!
Name MoreItems: #REF!
Name MoreItems: #REF!
Name Nisrinee: #REF!
Name Nisrinee: #REF!
Name Nisrinee: #REF!
Name Nisrinee: #REF!
Name ooo: #REF!
Name ooo: #REF!

Sheet Dr. Nacouzi
B2: MEDICAL AESTHETIC
B5: Patient | C5: Service Description | D5: Amount | E5: Discount | F5: Total
F6: =D6-E6 -> 0
F7: =D7-E7 -> 0
F8: =D8-E8 -> 0
F9: =D9-E9 -> 0
F10: =D10-E10 -> 0
F11: =D11-E11 -> 0
F12: =D12-E12 -> 0
F13: =D13-E13 -> 0
F14: =D14-E14 -> 0
F15: =D15-E15 -> 0
F16: =D16-E16 -> 0
F17: =D17-E17 -> 0
F18: =D18-E18 -> 0
C19: TOTAL | D19: =SUM(D6:D18) -> 0 | E19: =SUM(E6:E18) -> 0 | F19: =SUM(F6:F18) -> 0

Sheet Dr.Carol
B2: GYNECOLOGY
B6: Patient | C6: Service Description | D6: Chirurgie | E6: Consultation | F6: Discount | G6: Tips | H6: Carole's Share | I6: Clinic's Share | J6: Notes
H7: =D7*0.7+E7*0.8 -> 0 | I7: =D7+E7-H7 -> 0
H8: =D8*0.7+E8*0.8 -> 0 | I8: =D8+E8-H8 -> 0
H9: =D9*0.7+E9*0.8 -> 0 | I9: =D9+E9-H9 -> 0
H10: =D10*0.7+E10*0.8 -> 0 | I10: =D10+E10-H10 -> 0
H11: =D11*0.7+E11*0.8 -> 0 | I11: =D11+E11-H11 -> 0
H12: =D12*0.7+E12*0.8 -> 0 | I12: =D12+E12-H12 -> 0
H13: =D13*0.7+E13*0.8 -> 0 | I13: =D13+E13-H13 -> 0
H14: =D14*0.7+E14*0.8 -> 0 | I14: =D14+E14-H14 -> 0
H15: =D15*0.7+E15*0.8 -> 0 | I15: =D15+E15-H15 -> 0
H16: =D16*0.7+E16*0.8 -> 0 | I16: =D16+E16-H16 -> 0
H17: =D17*0.7+E17*0.8 -> 0 | I17: =D17+E17-H17 -> 0
H18: =D18*0.7+E18*0.8 -> 0 | I18: =D18+E18-H18 -> 0
C19: Sub TOTAL | D19: =SUM(D7:D18) -> 0 | E19: =SUM(E7:E18) -> 0 | F19: =SUM(F7:F18) -> 0 | G19: =SUM(G7:G18) -> 0 | H19: =SUM(H7:H18) -> 0 | I19: =SUM(I7:I18) -> 0
C20: TOTAL | D20: =D19+E19-F19 -> 0 | G20: Total to Doctor | H20: =H19+G19 -> 0 | I20: Total Gain | J20: =D20-H20 -> 0

Sheet Rachelle
B2: Rachelle's section
B6: Patient | C6: Service Description | D6: Amount | E6: Discount | F6: Tips | G6: Rachelle's Share | H6: Clinic's Share | I6: Notes
G7: =D7*0.7 -> 0 | H7: =D7*0.3-E7 -> 0
G8: =D8*0.7 -> 0 | H8: =D8*0.3-E8 -> 0
G9: =D9*0.7 -> 0 | H9: =D9*0.3-E9 -> 0
G10: =D10*0.7 -> 0 | H10: =D10*0.3-E10 -> 0
G11: =D11*0.7 -> 0 | H11: =D11*0.3-E11 -> 0
G12: =D12*0.7 -> 0 | H12: =D12*0.3-E12 -> 0
G13: =D13*0.7 -> 0 | H13: =D13*0.3-E13 -> 0
G14: =D14*0.7 -> 0 | H14: =D14*0.3-E14 -> 0
G15: =D15*0.7 -> 0 | H15: =D15*0.3-E15 -> 0
G16: =D16*0.7 -> 0 | H16: =D16*0.3-E16 -> 0
G17: =D17*0.7 -> 0 | H17: =D17*0.3-E17 -> 0
C18: Sub TOTAL | D18: =SUM(D7:D17) -> 0 | E18: =SUM(E7:E17) -> 0 | F18: =SUM(F7:F17) -> 0 | G18: =SUM(G7:G17) -> 0 | H18: =SUM(H7:H17) -> 0
C19: TOTAL | D19: =D18-E18 -> 0 | F19: Total to operator | G19: =IF(G18=0,0,G18) -> 0 | H19: Total Gain | I19: =D19-G19 -> 0

Sheet Rewa
B2: LASER HAIR REMOVAL
B5: Patient | C5: Service Description | D5: Amount | E5: Discount | F5: Tips | G5: Clinic's Share | H5: Notes
G6: =D6-E6 -> 0
G7: =D7-E7 -> 0
G8: =D8-E8 -> 0
G9: =D9-E9 -> 0
G10: =D10-E10 -> 0
G11: =D11-E11 -> 0
G12: =D12-E12 -> 0
G13: =D13-E13 -> 0
G14: =D14-E14 -> 0
G15: =D15-E15 -> 0
C16: Sub TOTAL | D16: =SUM(D6:D15) -> 0 | E16: =SUM(E6:E15) -> 0 | F16: =SUM(F6:F15) -> 0 | G16: =SUM(G6:G15) -> 0
C17: TOTAL | D17: =D16-E16 -> 0 | F17: Total Gain | G17: =D17+F16 -> 0

Sheet Roula
B2: SKIN THERAPY
B5: Patient | C5: Service Description | D5: Facial | E5: Discount | F5: Tips | G5: Roula's Share Facial | H5: Clinic's Share Facial | I5: Notes
G6: =IF(D6=0,0,D6*0.7) -> 0 | H6: =IF(D6=0,0,D6-E6-G6) -> 0
G7: =IF(D7=0,0,D7*0.7) -> 0 | H7: =IF(D7=0,0,D7-E7-G7) -> 0
G8: =IF(D8=0,0,D8*0.7) -> 0 | H8: =IF(D8=0,0,D8-E8-G8) -> 0
G9: =IF(D9=0,0,D9*0.7) -> 0 | H9: =IF(D9=0,0,D9-E9-G9) -> 0
G10: =IF(D10=0,0,D10*0.7) -> 0 | H10: =IF(D10=0,0,D10-E10-G10) -> 0
G11: =IF(D11=0,0,D11*0.7) -> 0 | H11: =IF(D11=0,0,D11-E11-G11) -> 0
G12: =IF(D12=0,0,D12*0.7) -> 0 | H12: =IF(D12=0,0,D12-E12-G12) -> 0
G13: =IF(D13=0,0,D13*0.7) -> 0 | H13: =IF(D13=0,0,D13-E13-G13) -> 0
G14: =IF(D14=0,0,D14*0.7) -> 0 | H14: =IF(D14=0,0,D14-E14-G14) -> 0
G15: =IF(D15=0,0,D15*0.7) -> 0 | H15: =IF(D15=0,0,D15-E15-G15) -> 0
G16: =IF(D16=0,0,D16*0.7) -> 0 | H16: =IF(D16=0,0,D16-E16-G16) -> 0
C17: Sub TOTAL | D17: =SUM(D6:D16) -> 0 | E17: =SUM(E6:E16) -> 0 | F17: =SUM(F6:F16) -> 0 | G17: =SUM(G6:G16) -> 0 | H17: =SUM(H6:H16) -> 0
C18: TOTAL | D18: =D17-E17 -> 0 | E18: TOTAL To Roula | G18: =G17+F17+Products!F19 -> 0 | H18: TOTAL | I18: =H17+Products!G19 -> 0

Sheet Nour
B2: LASER HAIR REMOVAL
B5: Patient | C5: Service Description | D5: Laser | E5: Nutrition | F5: Discount | G5: Nutrition to Nour | H5: Clinic's Share | I5: Notes
G6: =E6*0.5 -> 0 | H6: =D6-F6+E6-G6 -> 0
G7: =E7*0.5 -> 0 | H7: =D7-F7+E7-G7 -> 0
G8: =E8*0.5 -> 0 | H8: =D8-F8+E8-G8 -> 0
G9: =E9*0.5 -> 0 | H9: =D9-F9+E9-G9 -> 0
G10: =E10*0.5 -> 0 | H10: =D10-F10+E10-G10 -> 0
G11: =E11*0.5 -> 0 | H11: =D11-F11+E11-G11 -> 0
G12: =E12*0.5 -> 0 | H12: =D12-F12+E12-G12 -> 0
G13: =E13*0.5 -> 0 | H13: =D13-F13+E13-G13 -> 0
G14: =E14*0.5 -> 0 | H14: =D14-F14+E14-G14 -> 0
G15: =E15*0.5 -> 0 | H15: =D15-F15+E15-G15 -> 0
G16: =E16*0.5 -> 0 | H16: =D16-F16+E16-G16 -> 0
C17: Sub TOTAL | D17: =SUM(D6:D16) -> 0 | E17: =SUM(E6:E16) -> 0 | F17: =SUM(F6:F16) -> 0 | G17: =SUM(G6:G16) -> 0 | H17: =SUM(H6:H16) -> 0
C18: TOTAL | D18: =D17+E17-F17 -> 0 | E18: Total to Nour | F18: =G17 -> 0 | G18: Total Gain | H18: =H17 -> 0

Sheet Dr.Bahia
B2: PHYSIOTHERAPY
B6: Patient | C6: Service Description | D6: Physio | E6: Laser | F6: Discount | G6: Tips | H6: Bahia's Share | I6: Clinic's Share | J6: Notes
H7: =D7*0.4+E7*0.3 -> 0 | I7: =D7*0.6+E7*0.7-F7 -> 0
H8: =D8*0.4+E8*0.3 -> 0 | I8: =D8*0.6+E8*0.7-F8 -> 0
H9: =D9*0.4+E9*0.3 -> 0 | I9: =D9*0.6+E9*0.7-F9 -> 0
H10: =D10*0.4+E10*0.3 -> 0 | I10: =D10*0.6+E10*0.7-F10 -> 0
H11: =D11*0.4+E11*0.3 -> 0 | I11: =D11*0.6+E11*0.7-F11 -> 0
H12: =D12*0.4+E12*0.3 -> 0 | I12: =D12*0.6+E12*0.7-F12 -> 0
H13: =D13*0.4+E13*0.3 -> 0 | I13: =D13*0.6+E13*0.7-F13 -> 0
H14: =D14*0.4+E14*0.3 -> 0 | I14: =D14*0.6+E14*0.7-F14 -> 0
H15: =D15*0.4+E15*0.3 -> 0 | I15: =D15*0.6+E15*0.7-F15 -> 0
H16: =D16*0.4+E16*0.3 -> 0 | I16: =D16*0.6+E16*0.7-F16 -> 0
H17: =D17*0.4+E17*0.3 -> 0 | I17: =D17*0.6+E17*0.7-F17 -> 0
H18: =D18*0.4+E18*0.3 -> 0 | I18: =D18*0.6+E18*0.7-F18 -> 0
C19: Sub TOTAL | D19: =SUM(D7:D18) -> 0 | E19: =SUM(E7:E18) -> 0 | F19: =SUM(F7:F18) -> 0 | G19: =SUM(G7:G18) -> 0 | H19: =SUM(H7:H18) -> 0 | I19: =SUM(I7:I18) -> 0
C20: TOTAL | D20: =D19+E19-F19 -> 0 | G20: Total to Doctor | H20: =IF(H19=0,0,H19+10+G19) -> 0 | I20: Total Gain | J20: =D20-H20 -> 0

Sheet Ghinwa
B2: MEDICAL PEDICURE
B6: Patient | C6: Service Description | D6: Amount | E6: Discount | F6: Tips | G6: Ghinwa's Share | H6: Clinic's Share | I6: Notes
G7: =D7*0.3 -> 0 | H7: =D7*0.7-E7 -> 0
G8: =D8*0.3 -> 0 | H8: =D8*0.7-E8 -> 0
G9: =D9*0.3 -> 0 | H9: =D9*0.7-E9 -> 0
G10: =D10*0.3 -> 0 | H10: =D10*0.7-E10 -> 0
G11: =D11*0.3 -> 0 | H11: =D11*0.7-E11 -> 0
G12: =D12*0.3 -> 0 | H12: =D12*0.7-E12 -> 0
G13: =D13*0.3 -> 0 | H13: =D13*0.7-E13 -> 0
G14: =D14*0.3 -> 0 | H14: =D14*0.7-E14 -> 0
G15: =D15*0.3 -> 0 | H15: =D15*0.7-E15 -> 0
G16: =D16*0.3 -> 0 | H16: =D16*0.7-E16 -> 0
G17: =D17*0.3 -> 0 | H17: =D17*0.7-E17 -> 0
G18: =D18*0.3 -> 0 | H18: =D18*0.7-E18 -> 0
G19: =D19*0.3 -> 0 | H19: =D19*0.7-E19 -> 0
C20: Sub TOTAL | D20: =SUM(D7:D19) -> 0 | E20: =SUM(E7:E19) -> 0 | F20: =SUM(F7:F19) -> 0 | G20: =SUM(G7:G19) -> 0 | H20: =SUM(H7:H19) -> 0
C21: TOTAL | D21: =D20-E20 -> 0 | F21: Total to operator | G21: =IF(G20=0,0,G20+10+F20)+Products!M19 -> 0 | H21: Total Gain | I21: =D21-G21+Products!M19+Products!N19 -> 0

Sheet Hayat
B2: EPILATION ELECTRIQUE
B5: Patient | C5: Service Description | D5: Amount | E5: Discount | F5: Needle | G5: Hayat's Share | H5: Clinic's Share | I5: Notes
G6: =D6*0.7 -> 0 | H6: =D6-G6-E6 -> 0
G7: =D7*0.7 -> 0 | H7: =D7-G7-E7 -> 0
G8: =D8*0.7 -> 0 | H8: =D8-G8-E8 -> 0
G9: =D9*0.7 -> 0 | H9: =D9-G9-E9 -> 0
G10: =D10*0.7 -> 0 | H10: =D10-G10-E10 -> 0
G11: =D11*0.7 -> 0 | H11: =D11-G11-E11 -> 0
G12: =D12*0.7 -> 0 | H12: =D12-G12-E12 -> 0
G13: =D13*0.7 -> 0 | H13: =D13-G13-E13 -> 0
G14: =D14*0.7 -> 0 | H14: =D14-G14-E14 -> 0
G15: =D15*0.7 -> 0 | H15: =D15-G15-E15 -> 0
G16: =D16*0.7 -> 0 | H16: =D16-G16-E16 -> 0
C17: Sub TOTAL | D17: =SUM(D6:D16) -> 0 | E17: =SUM(E6:E16) -> 0 | F17: =SUM(F6:F16) -> 0 | G17: =SUM(G6:G16) -> 0 | H17: =SUM(H6:H16) -> 0
C18: TOTAL | D18: =D17-E17+F17 -> 0 | F18: Total to operator | G18: =IF(G17=0,0,G17+F17) -> 0 | H18: Total Gain | I18: =H17 -> 0

Sheet Products
B2: FACIAL PRODUCTS | I2: NAIL PRODUCTS
B5: Patient | C5: Product Description | D5: Amount | E5: Discount | F5: Roula's Share | G5: Clinic's Share | I5: Patient | J5: Product Description | K5: Amount | L5: Discount | M5: Ghinwa's Share | N5: Clinic's Share
F6: =D6*0.9 -> 0 | G6: =D6-F6-E6 -> 0 | M6: =K6*0.1 -> 0 | N6: =K6-M6-L6 -> 0
F7: =D7*0.9 -> 0 | G7: =D7-F7-E7 -> 0 | M7: =K7*0.1 -> 0 | N7: =K7-M7-L7 -> 0
F8: =D8*0.9 -> 0 | G8: =D8-F8-E8 -> 0 | M8: =K8*0.1 -> 0 | N8: =K8-M8-L8 -> 0
F9: =D9*0.9 -> 0 | G9: =D9-F9-E9 -> 0 | M9: =K9*0.1 -> 0 | N9: =K9-M9-L9 -> 0
F10: =D10*0.9 -> 0 | G10: =D10-F10-E10 -> 0 | M10: =K10*0.1 -> 0 | N10: =K10-M10-L10 -> 0
F11: =D11*0.9 -> 0 | G11: =D11-F11-E11 -> 0 | M11: =K11*0.1 -> 0 | N11: =K11-M11-L11 -> 0
F12: =D12*0.9 -> 0 | G12: =D12-F12-E12 -> 0 | M12: =K12*0.1 -> 0 | N12: =K12-M12-L12 -> 0
F13: =D13*0.9 -> 0 | G13: =D13-F13-E13 -> 0 | M13: =K13*0.1 -> 0 | N13: =K13-M13-L13 -> 0
F14: =D14*0.9 -> 0 | G14: =D14-F14-E14 -> 0 | M14: =K14*0.1 -> 0 | N14: =K14-M14-L14 -> 0
F15: =D15*0.9 -> 0 | G15: =D15-F15-E15 -> 0 | M15: =K15*0.1 -> 0 | N15: =K15-M15-L15 -> 0
F16: =D16*0.9 -> 0 | G16: =D16-F16-E16 -> 0 | M16: =K16*0.1 -> 0 | N16: =K16-M16-L16 -> 0
F17: =D17*0.9 -> 0 | G17: =D17-F17-E17 -> 0 | M17: =K17*0.1 -> 0 | N17: =K17-M17-L17 -> 0
F18: =D18*0.9 -> 0 | G18: =D18-F18-E18 -> 0 | M18: =K18*0.1 -> 0 | N18: =K18-M18-L18 -> 0
C19: Sub TOTAL | D19: =SUM(D6:D18) -> 0 | E19: =SUM(E6:E18) -> 0 | F19: =SUM(F6:F18) -> 0 | G19: =SUM(G6:G18) -> 0 | J19: TOTAL | K19: =SUM(K6:K18) -> 0 | L19: =SUM(L6:L18) -> 0 | M19: =SUM(M6:M18) -> 0 | N19: =SUM(N6:N18) -> 0
C20: TOTAL | D20: =D19-E19 -> 0 | J20: TOTAL | K20: =K19-L19 -> 0
F21: Total Products clinic's Share | I21: =G19+N19 -> 0

Sheet Expenses
B2: Expenses
B5: Service Description | C5: Amount
B19: TOTAL | C19: =SUM(C6:C18) -> 0

Sheet TOTAL
B2: TOTAL | C2: Amount | D2: Discount | E2: Total received /section | F2: Products | G2: Total Received | H2: Employee To be received | I2: Clinic's Share | J2: TOTAL Gain
B3: Dr. Mansour | C3: ='Dr. Nacouzi'!D19 -> 0 | D3: ='Dr. Nacouzi'!E19 -> 0 | E3: ='Dr. Nacouzi'!F19 -> 0 | G3: =E3+F3 -> 0 | J3: ='Dr. Nacouzi'!F19 -> 0 | M3: FDC
B4: Dr.Carol | C4: =Dr.Carol!D20 -> 0 | D4: =Dr.Carol!F19 -> 0 | E4: =Dr.Carol!D20 -> 0 | G4: =Dr.Carol!D20 -> 0 | H4: =Dr.Carol!H20 -> 0 | I4: =Dr.Carol!I19 -> 0 | J4: =Dr.Carol!J20 -> 0 | M4: =0 -> 0
B5: Roula | C5: =Roula!D17 -> 0 | D5: =Roula!E17 -> 0 | E5: =Roula!D18 -> 0 | F5: =Products!F19 -> 0 | G5: =E5+F5 -> 0 | H5: =Roula!G18 -> 0 | I5: =Roula!H17+Products!G19 -> 0 | J5: =Roula!I18 -> 0
B6: Rewa | C6: =Rewa!D16 -> 0 | D6: =Rewa!E16 -> 0 | E6: =Rewa!D17 -> 0 | G6: =E6 -> 0 | I6: =Rewa!G16 -> 0 | J6: =I6 -> 0 | M6: FBC
B7: Nour | C7: =Nour!D17 -> 0 | D7: =Nour!F17 -> 0 | E7: =Nour!D18 -> 0 | G7: =E7+F7 -> 0 | H7: =Nour!F18 -> 0 | I7: =Nour!H17 -> 0 | J7: =Nour!H18 -> 0 | M7: =M4+K14 -> 0
B8: Ghinwa | C8: =Ghinwa!D20 -> 0 | D8: =Ghinwa!E20 -> 0 | E8: =Ghinwa!D21 -> 0 | F8: =Products!K19 -> 0 | G8: =E8+F8 -> 0 | H8: =Ghinwa!G21 -> 0 | I8: =Ghinwa!H20+Products!N19 -> 0 | J8: =Ghinwa!I21 -> 0
B9: Dr.Bahia-Berenice | C9: =Dr.Bahia!D19 -> 0 | D9: =Dr.Bahia!F19 -> 0 | E9: =Dr.Bahia!D20 -> 0 | G9: =E9+F9 -> 0 | H9: =Dr.Bahia!H20 -> 0 | I9: =Dr.Bahia!I19 -> 0 | J9: =Dr.Bahia!J20 -> 0
B10: Hayat | C10: =Hayat!D17 -> 0 | D10: =Hayat!E17 -> 0 | E10: 0 | G10: =Hayat!D18 -> 0 | H10: =Hayat!G18 -> 0 | I10: =Hayat!H17 -> 0 | J10: =Hayat!I18 -> 0
B11: Rachelle | C11: =Rachelle!D18 -> 0 | D11: =Rachelle!E18 -> 0 | E11: =Rachelle!D19 -> 0 | G11: =Rachelle!D19 -> 0 | H11: =Rachelle!G19 -> 0 | I11: =Rachelle!H18 -> 0 | J11: =Rachelle!I19 -> 0
B12: Expenses | J12: =-Expenses!C19 -> 0
B13: TOTAL | C13: =SUM(C3:C11) -> 0 | D13: =SUM(D3:D11) -> 0 | E13: =Hayat!D18 -> 0 | F13: =SUM(F3:F11) -> 0 | G13: =SUM(G3:G11) -> 0 | H13: =SUM(H3:H11) -> 0 | I13: =SUM(I3:I11) -> 0 | J13: Sub Total | K13: =SUM(J3:J11) -> 0
J14: Total | K14: =SUM(J3:K12) -> 0
B16: Products Facial | C16: =Products!D19 -> 0 | D16: =Products!E19 -> 0 | E16: =Products!D20 -> 0 | H16: =Products!F19 -> 0 | I16: =Products!G19 -> 0
B17: Products Nail | C17: =Products!K19 -> 0 | D17: =Products!L19 -> 0 | E17: =Products!K20 -> 0 | H17: =Products!M19 -> 0 | I17: =Products!N19 -> 0
